Fst,dxy,segsites1,segsites2,pi1,pi2,tajima1,tajima2
-7.144970770769797e-05,0.0034676558808944234,68.79067233757254,106.3882754719353,0.0034701394086982533,0.0034655419360299054,-1.9758248839281938,-2.132335077599649
